#{"t_start": 1656948551.1797686, "env_id": "CustomHopper-source-v0"}
r,l,t
20.328866,31,0.039462
5.88266,12,0.048032
14.509843,19,0.062085
19.495251,19,0.075707
12.084913,17,0.087675
26.149255,21,0.10307
1.178534,23,0.120038
5.186188,9,0.126283
11.169609,13,0.135222
10.158914,11,0.143461
7.263808,17,0.155923
33.242541,25,0.173196
5.019993,8,0.178767
7.579284,17,0.191802
8.383802,14,0.201447
5.543091,13,0.21083
2.170623,19,0.224912
45.737424,36,0.250526
34.570038,26,0.269989
6.592415,13,0.279759
5.167783,7,0.28445
13.91775,21,0.299021
-0.555493,27,0.318925
2.917499,10,0.32606
16.60619,22,0.341881
4.364703,8,0.347317
17.917294,21,0.363146
10.682243,15,0.373419
62.23058,40,0.40231
29.79307,24,0.419346
5.876271,10,0.426501
8.143811,11,0.434756
3.243748,7,0.439968
9.345669,14,0.449743
8.589055,25,0.467509
9.999449,14,0.477684
7.898504,17,0.490096
9.860953,13,0.498952
18.937552,19,0.512328
13.604299,18,0.52584
8.560518,12,0.534312
21.724012,21,0.548865
5.151499,9,0.555166
7.873284,13,0.565282
1.404228,26,0.583205
5.750523,10,0.589996
4.794782,28,0.61062
5.817847,9,0.616904
14.913285,22,0.632249
16.169291,33,0.656377
13.95549,14,0.666271
8.3856,16,0.67763
1.737242,18,0.691691
3.720473,19,0.70542
27.900442,26,0.723975
13.385519,22,0.741796
26.694144,26,0.760482
9.666286,11,0.769177
8.083533,14,0.779725
7.113145,9,0.786616
6.856135,17,0.798518
4.293164,14,0.809099
13.086895,28,0.829311
3.012361,28,0.849854
9.677811,15,0.860711
5.25066,8,0.866287
8.851058,33,0.889382
49.738853,34,0.914275
44.284808,42,0.945561
6.172439,18,0.958143
9.377362,11,0.965941
14.76355,16,0.97778
13.013588,14,0.988437
11.567268,12,0.996914
6.97056,11,1.0048
7.067539,9,1.011306
18.508797,40,1.040766
24.197033,30,1.0625
60.829511,43,1.094333
18.96246,19,1.108836
9.873816,21,1.123868
10.531013,17,1.135992
16.707367,28,1.15683
6.328913,17,1.16889
9.767934,15,1.179497
38.815001,28,1.200167
9.610682,14,1.210212
9.971758,19,1.223576
7.302068,12,1.233178
16.700972,22,1.248703
12.386839,28,1.269996
8.725301,12,1.279108
11.413554,25,1.296399
16.751946,21,1.312115
27.011509,29,1.332838
17.47441,30,1.354638
9.44978,21,1.369624
8.284631,10,1.376559
10.551772,18,1.388915
34.860913,40,1.41823
16.080124,17,1.43031
8.974901,17,1.44329
5.059729,9,1.449566
8.899819,12,1.457835
13.479475,16,1.469231
7.489611,11,1.47754
7.7236,11,1.485592
13.461576,14,1.495507
5.046785,9,1.701185
76.294854,44,1.733283
96.9866,55,1.772912
6.801598,10,1.779775
9.097654,13,1.788696
54.390695,36,1.814781
8.772419,12,1.822909
5.818711,13,1.831913
7.444219,11,1.839483
63.720128,36,1.865322
4.94825,8,1.870885
7.860723,10,1.877657
22.786161,23,1.894354
81.117645,58,1.93557
30.394568,27,1.954707
25.628055,45,1.986835
10.130472,23,2.002903
7.854344,10,2.009797
74.225007,46,2.042314
7.784763,18,2.054829
19.782246,19,2.06947
25.62465,32,2.092144
14.489889,15,2.103319
115.987972,56,2.142872
25.936828,25,2.160827
11.903157,12,2.16918
8.191551,18,2.181673
18.856329,23,2.19871
24.404716,25,2.215986
56.874943,33,2.239622
30.37512,29,2.259577
8.107285,20,2.27445
75.13051,40,2.301405
23.48093,27,2.320999
15.564481,19,2.333936
52.687173,30,2.356288
7.62639,11,2.36428
95.434669,51,2.400619
29.868659,29,2.420918
128.302987,70,2.469309
46.032393,32,2.492494
68.652461,37,2.518696
9.570431,15,2.529334
20.094233,20,2.543213
4.086989,10,2.550117
6.85527,12,2.558355
6.226111,23,2.575026
70.488171,41,2.604226
133.740021,63,2.648768
5.865999,10,2.655614
6.748055,10,2.662336
25.225674,22,2.677553
8.958256,13,2.687562
11.129073,13,2.697166
11.778916,13,2.706619
75.544881,39,2.734646
7.568197,10,2.74153
18.8616,32,2.763625
28.228821,29,2.784681
13.768246,17,2.796588
7.461646,12,2.804773
16.678413,17,2.817618
15.046026,15,2.828157
3.840441,9,2.834424
17.599805,27,2.853487
3.774342,8,2.859423
75.200499,41,2.887867
26.85926,24,2.906089
9.97981,12,2.914268
63.546232,48,2.948615
8.563179,13,2.957485
6.939729,13,2.966585
9.090137,19,2.980675
66.099607,36,3.005322
107.251676,61,3.048127
5.188343,13,3.057447
7.414465,10,3.06533
5.525741,25,3.082495
6.131405,9,3.08882
77.414041,41,3.118038
25.217409,43,3.148918
56.124307,30,3.37343
63.628694,42,3.403955
17.154191,20,3.417969
114.971227,78,3.472486
100.764868,61,3.51608
10.775002,19,3.530434
60.189796,34,3.553887
52.691042,29,3.575252
61.21125,32,3.597358
95.226192,66,3.644604
116.838261,70,3.694223
95.48869,69,3.742549
10.358681,13,3.751755
53.404407,29,3.773114
82.643328,43,3.80242
8.637789,14,3.812955
81.806135,49,3.846513
57.647361,32,3.870219
144.856804,72,3.920859
79.494035,52,3.957886
55.730725,31,3.979928
37.651947,27,3.998587
18.493901,23,4.015209
112.355177,55,4.05391
23.917401,18,4.067444
48.441831,37,4.092941
4.850398,13,4.101873
70.419281,37,4.128396
102.562955,64,4.173296
51.036502,27,4.192828
13.386178,13,4.201722
28.529105,22,4.216798
63.528399,34,4.240981
77.652451,44,4.272376
89.703075,44,4.302583
79.240605,54,4.340407
17.075216,17,4.35209
64.377481,35,4.376994
101.80796,51,4.412751
108.198264,73,4.463507
6.674076,11,4.471124
88.361266,45,4.502814
9.171345,12,4.510955
84.783863,97,4.578944
68.411578,37,4.604973
70.848085,37,4.630311
81.055201,50,4.665687
6.893248,9,4.671896
107.376367,80,4.728637
82.008658,42,4.758017
104.461346,60,4.799895
68.276241,36,5.02373
73.801779,37,5.048876
200.826883,148,5.154126
84.612338,44,5.184329
74.462088,39,5.212322
44.455877,25,5.230984
85.822538,45,5.262076
65.642012,35,5.287278
62.7592,36,5.312624
148.002554,95,5.379764
68.612851,33,5.403241
81.499861,51,5.439289
79.842183,42,5.467888
81.173479,46,5.500249
51.688793,27,5.518876
59.210328,34,5.543217
71.119234,40,5.571314
72.202963,38,5.597932
48.088141,47,5.631212
126.654404,62,5.674865
80.739994,54,5.713179
92.269527,45,5.745202
137.308592,66,5.790593
20.32651,17,5.802121
81.920657,43,5.832593
91.480784,47,5.865717
81.168552,45,5.897397
102.219621,58,5.937617
87.746025,61,5.980844
75.026968,38,6.007277
106.754895,51,6.042935
99.216646,50,6.078086
5.789342,37,6.103423
111.46293,65,6.150157
144.015082,76,6.203865
97.743882,52,6.240596
72.669306,40,6.268084
94.052692,49,6.302576
69.545251,40,6.330977
82.805765,47,6.364182
11.830973,14,6.373773
79.588748,42,6.403124
115.091874,55,6.642447
74.492588,48,6.676874
70.314272,39,6.704848
59.207263,32,6.727097
99.559571,49,6.761295
84.264176,52,6.798246
60.707337,34,6.822787
49.172543,32,6.844712
111.928156,62,6.888031
56.663107,30,6.909617
157.45823,83,6.967867
78.759615,43,6.998383
140.726852,68,7.046072
40.56655,21,7.060647
71.431612,37,7.087229
60.980715,32,7.1096
46.479962,25,7.127168
112.570724,57,7.166594
41.990983,34,7.190682
85.975051,45,7.221915
109.643942,53,7.258772
51.777414,28,7.278344
71.86442,39,7.305239
88.474377,45,7.336827
254.330364,112,7.414182
73.660695,38,7.440875
57.154519,31,7.462639
80.523471,43,7.493133
142.409456,76,7.546142
149.36847,79,7.601114
50.045095,27,7.620659
50.262306,27,7.639211
100.199364,50,7.674646
69.810358,38,7.701551
91.768775,51,7.737649
70.572547,37,7.76302
72.945885,39,7.790581
82.700225,43,7.821203
145.520023,68,7.868565
110.540196,54,7.906545
95.32393,54,7.944173
104.747477,54,7.981929
57.743178,32,8.004182
127.670082,58,8.044915
64.143272,37,8.071213
83.3933,44,8.339231
209.018891,113,8.419225
129.420931,74,8.471105
56.445608,31,8.493436
128.389897,65,8.539666
213.711826,106,8.613998
269.730429,125,8.700829
150.392651,76,8.75394
39.097686,30,8.775146
106.713663,59,8.816495
67.445812,38,8.843116
93.23412,53,8.880733
139.250397,74,8.932068
266.437539,137,9.027841
216.084685,130,9.119356
79.056834,43,9.149747
123.612977,65,9.195751
63.994276,34,9.219006
80.897529,45,9.250331
49.77474,34,9.273621
35.085633,37,9.300125
118.720683,65,9.34546
155.960599,71,9.394752
109.941784,60,9.43626
70.187369,39,9.464047
82.741371,45,9.495675
131.065722,76,9.547832
174.598311,97,9.615791
86.935681,47,9.647761
162.237139,92,9.712824
180.655804,105,9.985535
172.533165,92,10.049344
113.867154,59,10.090039
213.841533,111,10.167073
89.009053,56,10.206455
101.132779,55,10.244782
83.445313,45,10.275647
152.801554,81,10.332984
95.542122,52,10.369579
213.921617,104,10.44089
163.782357,91,10.505033
150.070339,81,10.56134
5.948901,9,10.567981
233.325098,111,10.644778
237.032085,119,10.727178
234.43868,118,10.8097
257.38363,132,10.902111
248.67883,127,10.991224
147.740032,75,11.043416
216.207603,125,11.130541
152.814005,86,11.19072
93.940884,51,11.226357
113.036905,70,11.275306
118.269976,65,11.320983
198.657588,112,11.607414
166.759052,90,11.67086
161.315102,82,11.728413
260.692528,134,11.823376
227.434321,109,11.898682
134.548318,80,11.955199
220.663189,118,12.038543
258.648974,132,12.130963
241.032449,148,12.234449
88.932608,47,12.267931
143.613096,72,12.318239
147.843161,76,12.372233
294.556744,176,12.495889
218.745938,113,12.575023
230.601185,120,12.659843
228.394587,137,12.755701
210.424687,126,12.843689
247.877675,126,12.932445
115.795519,61,12.974988
142.584128,81,13.234933
236.213166,112,13.313239
226.315792,108,13.388552
244.893384,125,13.476351
219.874404,116,13.557878
175.012707,98,13.626472
238.725464,109,13.703464
145.265825,73,13.754547
239.321752,122,13.839242
103.038329,61,13.881846
214.241997,106,13.955798
235.181316,108,14.03124
288.083101,129,14.120764
130.422422,84,14.179129
218.718015,107,14.253878
221.186623,116,14.335471
272.912524,143,14.434921
197.201801,99,14.504148
214.519497,118,14.586702
261.59932,135,14.887365
271.018767,129,14.977523
304.977583,135,15.071911
290.680891,137,15.168136
257.664098,118,15.250573
133.262193,69,15.298847
284.957654,124,15.385085
150.669607,85,15.443939
302.05622,138,15.541259
292.046977,138,15.637689
142.935846,76,15.690524
262.234312,140,15.789372
194.842909,96,15.855884
229.747042,113,15.934531
295.672345,129,16.024185
326.284644,159,16.135429
71.936681,46,16.167912
299.667934,128,16.257107
316.038595,142,16.65888
295.448393,148,16.76183
302.90027,131,16.852367
340.615314,153,16.959526
224.209058,114,17.03934
225.335491,110,17.11579
259.081402,126,17.203705
304.963814,128,17.291353
284.534567,139,17.387605
289.771982,128,17.476259
302.372187,133,17.573785
292.181754,132,17.670228
288.556503,126,17.759562
264.969241,134,17.853659
308.006838,141,17.954061
279.81071,151,18.270599
304.702726,133,18.364833
269.68635,119,18.44813
221.673606,103,18.521308
318.183047,147,18.626252
305.196725,131,18.718306
342.50484,154,18.828138
326.428003,146,18.9308
256.974315,114,19.01155
294.845827,137,19.108294
313.011146,141,19.208121
256.586011,115,19.289163
245.264992,116,19.371085
315.912469,145,19.473386
273.034611,121,19.558037
311.389403,142,19.864228
295.821925,129,19.955067
319.930162,135,20.049693
307.083515,131,20.141587
301.6423,132,20.233218
291.584699,135,20.327875
297.114395,137,20.423682
156.196088,78,20.478372
248.019886,113,20.558083
298.882481,133,20.650827
289.752547,123,20.736768
300.67811,136,20.831802
289.83402,137,20.927349
308.712406,148,21.030236
309.842886,140,21.12793
304.601923,126,21.215878
327.420729,154,21.523989
302.962314,138,21.62066
258.882161,112,21.698129
316.002142,138,21.794879
285.836184,122,21.879584
334.462434,158,21.988607
307.259732,133,22.080677
351.277763,173,22.200208
315.853161,132,22.2921
316.245186,141,22.389867
310.915083,147,22.490868
167.936006,98,22.55929
296.015099,130,22.649552
320.038723,134,22.742254
271.54343,132,22.834775
229.810998,110,22.910323
348.923755,166,23.22669
391.465134,165,23.342321
327.530174,159,23.452019
312.016761,140,23.549279
348.096909,163,23.662462
287.386302,132,23.754665
318.064748,137,23.849598
240.804132,123,23.935764
388.225857,211,24.083739
313.828786,142,24.182392
325.44212,142,24.281406
338.239617,145,24.383163
355.317932,170,24.501328
301.750337,143,24.919603
349.040188,162,25.032991
308.478923,140,25.131315
344.065415,149,25.234481
296.546702,141,25.333162
324.750619,138,25.429426
324.258437,139,25.52665
319.763755,134,25.619246
310.858999,147,25.722623
318.507097,155,25.830843
310.686628,155,25.939986
337.045725,151,26.046728
335.552885,141,26.145292
313.367041,130,26.237161
317.097276,145,26.538899
322.715255,129,26.630011
347.36645,156,26.739444
322.947593,141,26.838673
320.427823,142,26.937687
333.009362,146,27.040232
321.83359,146,27.143261
301.323466,133,27.236065
321.363951,130,27.326992
386.29857,154,27.435087
314.59254,136,27.530768
315.110348,139,27.628716
404.048389,172,27.748034
309.912332,132,27.840624
97.548398,58,27.881196
354.938069,151,28.192498
204.165429,99,28.263297
304.759909,141,28.362835
325.029983,131,28.454694
360.593969,149,28.559622
363.781476,157,28.669787
303.193049,139,28.767765
327.976493,159,28.880301
300.218131,140,28.979594
302.469533,137,29.074615
352.651121,145,29.176294
376.74288,159,29.286118
335.708418,149,29.39134
331.716548,135,29.484986
359.721706,146,29.786303
336.491316,150,29.892063
328.754411,161,30.004846
260.519363,122,30.089681
356.447938,164,30.204587
475.182395,219,30.357253
336.645358,135,30.451071
338.327029,145,30.553291
356.276422,158,30.663892
343.184895,141,30.763459
443.286555,220,30.916936
349.614277,140,31.015056
437.818592,194,31.150292
354.19447,142,31.446845
353.743331,140,31.544381
327.161384,139,31.641594
415.586789,168,31.758821
309.688935,127,31.84817
347.406247,136,31.943109
546.791301,210,32.08939
366.051263,142,32.188822
339.598282,136,32.283007
350.371136,146,32.385828
391.586987,159,32.49604
520.03878,205,32.639405
380.211731,148,32.741803
711.550605,297,33.282993
347.652476,175,33.405041
453.460587,165,33.51956
771.842882,310,33.734041
363.813707,160,33.84569
719.532211,256,34.022634
1257.175225,457,34.337787
353.267823,165,34.453397
495.78478,228,34.810988
458.291155,153,34.915987
347.604032,178,35.039596
249.817026,117,35.121689
165.957624,89,35.184128
646.702347,239,35.349242
893.504932,398,35.624549
589.569491,264,35.807161
747.916742,269,35.99358
587.634704,258,36.371089
785.838014,287,36.569412
736.580794,270,36.755334
724.453214,275,36.946421
605.016276,203,37.086146
256.495111,140,37.183922
197.718426,115,37.263178
688.082272,276,37.453417
859.142848,357,37.699837
560.75258,267,38.082617
260.721097,135,38.176029
1134.670213,436,38.477748
1104.932584,500,38.823366
207.876592,106,38.898244
920.9643,336,39.129524
363.793654,184,39.257078
561.585823,202,39.599462
271.651295,136,39.694594
669.718665,281,39.887682
651.536618,381,40.151781
582.751799,219,40.302402
256.519633,120,40.385198
1168.310954,500,40.731461
745.011622,304,40.941398
960.024458,341,41.670943
322.878019,151,41.777837
874.970813,297,41.984539
760.646122,287,42.185689
145.219635,83,42.243573
381.065646,174,42.365735
445.409467,187,42.495637
1366.514019,489,42.83509
629.723646,260,43.222156
761.153895,349,43.469581
382.850471,190,43.605583
567.050803,215,43.756048
379.889624,166,43.87396
819.375893,316,44.092656
890.900869,335,44.32449
1344.456233,500,44.874791
591.853951,225,45.031469
275.967452,155,45.138383
952.104707,367,45.392185
798.864002,292,45.594212
711.503162,300,45.801263
699.259106,257,45.978353
949.532678,340,46.414852
688.55515,263,46.597747
715.714282,250,46.772785
1069.254778,419,47.060055
1254.465899,500,47.405795
696.795315,257,47.582494
791.32727,318,48.009258
556.56042,202,48.150938
749.380274,273,48.339947
885.795862,337,48.574482
689.971224,239,48.741188
873.038224,342,48.978435
1071.751297,406,49.260208
299.097376,136,49.353874
509.922064,192,49.909005
484.315532,177,50.032288
397.198142,174,50.153592
342.187347,137,50.249985
459.749479,189,50.381171
509.263523,197,50.51879
353.935154,148,50.623141
329.626205,129,50.714612
412.954857,159,50.827206
290.209936,117,50.909736
232.809536,114,50.98948
541.751189,218,51.140495
515.650359,184,51.470822
521.120099,182,51.598503
676.211456,246,51.769501
732.817701,261,51.952441
535.037493,240,52.119953
489.614703,176,52.243061
352.820628,159,52.354042
785.71458,286,52.553387
712.692542,259,52.733242
520.688509,179,53.062589
438.064642,158,53.172563
953.32979,330,53.400894
719.341961,242,53.568973
544.903187,205,53.71124
486.746361,178,53.834892
678.853674,257,54.012423
542.906169,192,54.145587
675.374913,252,54.320677
500.765777,259,54.703245
460.294897,168,54.819027
419.18842,149,54.92361
508.506141,196,55.059976
372.282821,149,55.165438
584.571442,217,55.316335
576.609169,202,55.456515
855.325614,321,55.679288
548.685295,195,55.816884
763.624481,285,56.015405
612.756561,233,56.37715
691.699875,266,56.561677
562.704654,202,56.703333
268.686078,106,56.776179
897.774494,352,57.02202
548.984339,186,57.150601
535.65647,176,57.272995
722.683402,281,57.468721
737.867836,278,57.662105
567.00901,205,58.321328
466.585472,170,58.438834
378.491333,159,58.548911
381.237842,143,58.647398
560.32413,195,58.784034
616.1274,217,58.935163
538.569426,184,59.061668
521.930018,187,59.190804
424.133518,156,59.299596
564.999713,203,59.439819
550.183158,200,59.578685
547.307341,198,59.925291
513.96966,178,60.05005
660.050911,245,60.221343
475.304732,184,60.350674
590.136551,200,60.490394
549.489318,208,60.635802
598.235261,210,60.782282
521.311395,186,60.912295
576.310307,209,61.057398
438.769186,156,61.166377
776.894409,265,61.551534
552.868798,193,61.685503
428.412684,171,61.805669
542.590043,197,61.943387
454.869673,176,62.065588
556.833015,188,62.196264
674.198793,231,62.35691
403.2599,163,62.470884
513.170276,193,62.606044
557.19429,206,62.749265
434.264012,165,62.863571
525.257863,191,63.199947
414.065332,166,63.315649
795.248412,264,63.499764
538.643974,202,63.640086
599.670882,217,63.789849
603.157098,202,63.930657
545.759834,202,64.071017
552.230616,195,64.206436
602.620048,199,64.343724
515.784898,183,64.47014
745.619127,255,64.84726
605.593241,207,64.989843
586.022067,201,65.131367
589.550695,210,65.276613
491.597992,180,65.401095
567.948709,204,65.543447
466.344577,175,65.663953
743.027875,241,65.831669
582.579214,213,65.979234
460.715626,170,66.09745
972.969342,331,66.685091
726.015481,246,66.855682
611.864996,199,66.992722
1150.009849,366,67.245832
264.72462,132,67.338072
712.880149,243,67.506374
265.024843,124,67.592561
1004.568275,316,67.810231
856.023795,271,68.204755
743.432731,238,68.369676
830.848658,267,68.554234
1104.848652,349,68.795725
350.545162,164,68.909732
820.669215,246,69.079871
896.749786,404,69.36063
1169.080125,500,69.917727
251.936603,123,70.005058
999.869344,350,70.248731
1104.601062,361,70.499669
847.798367,293,70.704448
1018.144539,331,70.935653
1263.651343,415,71.43064
1361.787836,448,71.742122
585.83447,187,71.871549
1259.099209,500,72.219966
792.444189,257,72.398696
1313.208553,422,72.6912
964.472598,356,73.144402
1081.983831,379,73.406536
752.593193,238,73.571461
1086.119335,364,73.82403
1201.364388,421,74.115901
814.181988,284,74.312356
1154.215777,397,75.12943
1257.70471,392,75.399578
943.74967,313,75.616591
898.736676,333,75.847601
1125.003566,359,76.095117
777.834818,251,76.269209
852.385117,314,76.693211
1304.867177,467,77.018591
966.170697,335,77.249633
238.295159,111,77.326764
219.684114,106,77.400769
949.34235,323,77.623362
1002.425429,330,77.85125
689.266998,240,78.22594
1152.679705,395,78.497821
666.719571,233,78.658767
1260.470427,500,79.004841
1162.239801,380,79.267163
1037.981128,362,79.516979
950.618906,327,79.946605
1178.651604,406,80.226542
711.532447,317,80.445955
803.910031,256,80.62107
861.2682,291,80.822801
537.852732,199,80.959824
1107.788023,356,81.409089
780.904635,280,81.602846
1315.133506,493,81.944326
923.547614,308,82.156502
1028.767088,337,82.388667
462.471201,184,82.516746
861.988005,288,82.715625
794.059662,268,83.377194
654.391349,266,83.561402
1201.936624,389,83.828935
1334.881978,493,84.168427
1322.039296,494,84.50871
1046.082587,392,84.984237
1097.077021,376,85.243706
784.325223,260,85.422013
1107.260365,383,85.685846
1375.275096,500,86.03142
1211.354413,413,86.523426
1268.156447,500,86.874281
714.702297,229,87.03438
782.782412,266,87.21959
790.343662,279,87.414523
735.384156,251,87.589436
885.567496,317,87.810524
1219.233335,421,88.304248
1187.13363,419,88.595318
1244.652255,473,88.925497
247.306388,112,89.004429
895.196136,286,89.203716
859.653526,328,89.43271
996.774824,368,89.889941
731.297295,253,90.066776
799.007318,268,90.253044
1249.732844,424,90.549399
699.7057,245,90.720275
972.562393,347,90.959619
784.094262,274,91.718342
1027.098452,344,91.957259
830.784034,287,92.156039
506.498948,173,92.275947
625.613875,210,92.421043
555.748066,197,92.556856
770.447686,288,92.755629
517.896222,179,92.879079
626.671229,216,93.232845
728.206454,248,93.404466
770.613183,268,93.588558
587.672978,197,93.724374
620.401515,209,93.869324
616.763578,212,94.015393
713.396771,237,94.17828
789.729888,286,94.375205
555.467963,188,94.504501
1065.39176,344,94.941145
501.665136,167,95.056569
1223.411931,443,95.36308
814.600472,280,95.554966
612.143098,214,95.704178
611.947741,212,95.850927
741.384687,236,96.013582
867.313493,301,96.421383
672.554064,228,96.581203
575.774814,205,96.723896
855.272386,277,96.916291
535.082889,185,97.045292
1219.044604,500,97.39379
830.114418,273,97.584123
852.976115,296,97.789172
765.189219,268,98.172715
1397.245582,500,98.517637
641.835201,217,98.668782
939.811649,340,98.90305
813.413864,256,99.080653
866.268812,334,99.310494
582.111109,194,99.975488
1270.320949,500,100.324546
759.382781,324,100.550294
1061.92489,394,100.825295
1040.07769,331,101.054887
866.176027,302,101.264883
1333.012586,441,101.77161
1210.608636,445,102.078922
600.357117,198,102.215294
725.91159,240,102.381204
1171.946332,500,102.725585
768.741593,258,103.105828
867.953087,277,103.301587
1008.569036,342,103.540699
704.23296,271,103.730157
737.173375,242,103.899005
530.015593,224,104.055774
765.048448,272,104.245787
1432.425873,500,104.795216
542.025402,185,104.924379
476.971001,185,105.053559
702.224369,224,105.209551
1080.609591,347,105.449238
1230.874464,418,105.740055
904.268859,289,105.94086
996.101798,320,106.360402
1066.061693,365,106.612753
907.637491,330,106.841907
709.451621,257,107.019856
479.5715,175,107.141454
935.435506,315,107.35803
711.620759,245,107.527984
729.708839,231,107.6866
1285.462921,500,108.422356
624.002238,206,108.564746
541.293501,194,108.698256
1355.297897,437,108.999909
1247.868771,500,109.346304
526.884359,202,109.485717
1441.928638,500,110.029645
805.874395,281,110.224425
1259.901729,443,110.530012
653.410347,210,110.675192
1000.076988,357,110.922015
1330.447947,500,111.467843
148.313536,71,111.517251
655.087155,246,111.686855
568.648312,229,111.844525
919.742827,317,112.062999
749.560901,233,112.223774
832.621587,280,112.416278
1088.376965,407,112.697546
1311.722266,500,113.246574
1077.862684,372,113.503845
1361.25376,500,113.849359
1300.319598,500,114.195993
426.274503,179,114.319309
1121.210741,387,114.791505
1202.88516,402,115.068854
1034.653346,351,115.310785
427.63576,179,115.434452
546.933338,195,115.568038
1075.311283,386,115.836462
867.484992,274,116.499483
609.715314,211,116.645761
885.927951,280,116.83818
889.673167,283,117.033957
618.601806,190,117.165518
835.244337,252,117.339864
773.162062,242,117.507416
599.533507,198,117.644669
550.858089,184,117.980477
819.147842,249,118.154789
693.702509,235,118.319576
1415.39553,435,118.623553
1385.156306,445,118.935431
1125.112194,348,119.177788
677.51135,209,119.324937
917.098758,286,119.725361
452.427131,164,119.839264
609.481357,192,119.971742
656.104331,207,120.114404
548.929911,186,120.243965
817.973706,268,120.428941
1079.570767,340,120.663241
695.046433,229,120.821854
398.820337,149,120.924504
928.446584,291,121.329849
582.038509,193,121.463089
1089.490541,341,121.697696
897.562562,277,121.888183
787.554724,293,122.090137
893.551295,275,122.279751
594.307696,203,122.419285
606.965466,207,122.561972
1315.112506,421,123.052805
1064.0308,325,123.276612
813.638314,250,123.449394
1133.620721,361,123.699059
879.126168,293,123.901553
988.725375,311,124.117015
841.683998,264,124.853998
1337.830311,419,125.142924
246.470087,104,125.214923
1181.855878,366,125.466811
990.821071,348,125.70661
1626.150297,499,126.051107
1352.003359,413,126.5413
384.636566,164,126.655639
1142.686764,428,126.951828
1245.293667,403,127.229239
1373.85099,428,127.525012
1266.719374,500,128.072741
1265.569749,433,128.372493
1262.199096,424,128.667212
1087.86726,327,128.892931
1119.420466,335,129.126156
849.912829,272,129.315155
1177.432627,361,129.763508
1529.120507,498,130.108181
1380.731258,438,130.411007
1096.394028,353,130.653891
1441.570165,500,131.197961
1212.600146,413,131.483757
959.179452,302,131.692616
1146.118616,359,131.939791
926.315795,344,132.178143
1407.970286,438,132.480304
1118.053293,363,133.258747
1075.612858,338,133.491482
1422.159324,500,133.838079
738.117064,230,133.997518
1042.822175,313,134.212686
1347.91541,412,134.70134
1352.432668,456,135.017204
1380.588617,437,135.320899
1477.314556,500,135.665543
1374.368782,500,136.01114
1409.973915,500,136.565567
1430.488604,472,136.890367
1023.774813,332,137.119257
1035.775386,342,137.354741
1337.518204,438,137.657434
1520.717059,499,138.207455
1142.901602,383,138.470989
1152.455627,383,138.735022
1504.669023,500,139.081878
1339.452122,432,139.586119
905.313307,278,139.781273
842.127784,282,139.976673
837.927006,275,140.168508
1060.122347,329,140.398547
1189.036413,366,140.651161
1062.576972,335,140.88595
1293.904233,447,141.626294
1280.791033,500,141.976571
904.95597,286,142.174849
1348.60192,500,142.524015
1098.941227,350,142.976712
1331.472335,429,143.276518
989.075928,311,143.494415
1504.970211,500,143.837648
1379.489392,500,144.183075
1577.313157,500,144.726173
1502.857265,481,145.060468
1504.950446,500,145.405865
926.151364,320,145.628448
1446.042156,456,145.94331
988.522383,300,146.352493
1422.076118,438,146.65573
1359.158022,435,146.956128
424.973069,149,147.059187
1155.412329,374,147.316375
1521.818661,470,147.840583
646.172172,223,147.993567
1467.817409,451,148.304912
1469.17339,500,148.649863
512.391454,187,148.77917
1337.876119,427,149.073235
565.77875,186,149.200679
311.811588,122,149.668513
800.658857,261,149.848926
549.539793,184,149.976491
680.173916,225,150.132432
516.810638,174,150.252595
589.195455,195,150.386886
518.311445,190,150.518353
564.770474,191,150.650407
361.183575,135,150.74445
493.60767,176,150.865765
574.362891,194,150.999502
387.793084,144,151.304795
570.988095,192,151.438236
462.002109,160,151.549922
551.962887,183,151.678253
561.255931,190,151.809928
632.482228,211,151.955823
615.31348,210,152.102229
608.23037,211,152.248145
402.441149,143,152.34792
524.274321,175,152.468805
363.344827,136,152.563204
382.4653,140,152.85821
409.540124,145,152.958782
601.022509,216,153.108552
620.247441,212,153.255477
542.010332,177,153.378261
594.105272,196,153.513463
530.701539,177,153.635809
572.256232,207,153.779161
619.796848,212,153.926279
839.263974,275,154.116065
555.836656,187,154.44991
788.9704,245,154.619863
617.892176,213,154.767527
1009.408286,327,154.993345
441.960289,152,155.099001
767.510676,252,155.272641
606.05025,204,155.413275
659.100416,220,155.565496
436.773031,152,155.670225
590.586588,199,155.807956
648.580665,210,156.15235
735.563265,232,156.313436
539.970734,192,156.446587
553.848682,188,156.576309
725.675561,230,156.735283
623.062327,208,156.878752
548.142831,192,157.012244
664.904868,233,157.173339
559.627843,193,157.30604
793.779186,259,158.115311
575.068138,197,158.251124
869.5481,273,158.440158
570.547723,190,158.571151
632.824781,207,158.714169
535.004586,192,158.848602
826.533501,258,159.026787
880.098852,286,159.224388
729.022971,234,159.586089
911.987054,300,159.794958
675.21148,237,159.960366
767.581577,238,160.126112
638.468598,204,160.267858
851.827378,270,160.455344
841.149836,258,160.634868
638.714455,216,160.784137
674.327042,224,160.940944
802.158478,249,161.312728
842.601944,276,161.503015
850.5588,278,161.69535
423.457565,162,161.808189
794.566585,246,161.978314
758.174678,238,162.142761
567.203034,198,162.279325
735.738457,224,162.434078
804.678246,256,162.820773
916.935059,307,163.031992
867.97461,273,163.219648
837.674075,282,163.414311
577.944079,208,163.557451
774.86418,263,163.738087
801.120404,260,163.916553
631.94782,204,164.057782
477.676933,170,164.174916
788.674263,246,164.542518
958.119601,310,164.75618
811.624339,263,164.938808
776.218631,240,165.105068
838.38169,265,165.287898
950.350377,288,165.487397
808.99352,254,165.663
690.485375,230,165.824609
1417.160123,500,166.634493
1309.804117,500,166.980441
1412.732944,500,167.325557
1200.175504,389,167.593742
1370.248653,500,168.141414
1242.363878,418,168.429418
1103.188319,410,168.711357
1284.005372,426,169.004387
1387.594553,500,169.550584
1418.249008,500,169.89711
407.58974,177,170.020159
1367.095139,485,170.355442
1383.772552,500,170.699297
1252.665613,500,171.240761
1196.851936,442,171.544822
1222.355679,449,171.8536
676.331966,245,172.023238
1471.044057,500,172.367012
1372.664989,500,172.910694
1237.519644,417,173.198257
1390.850897,482,173.531256
1059.913471,350,173.772678
1184.856889,385,174.038381
1336.505355,500,174.960828
1232.787045,500,175.307481
1295.742476,500,175.654249
1239.329702,500,176.004149
1454.895763,500,176.547991
1298.079764,500,176.894156
1235.593351,500,177.241175
1314.40383,500,177.586571
1426.534906,500,178.141158
1341.192879,500,178.488319
1396.611443,500,178.832482
1105.275867,353,179.076524
1306.936705,435,179.580995
1460.424396,500,179.926545
1455.924012,500,180.273167
1481.974224,500,180.619295
1410.805634,500,181.164777
1487.587386,500,181.509244
1323.190422,438,181.811646
1312.475369,421,182.101796
842.447219,272,182.289239
668.337217,216,183.028738
781.402344,234,183.190009
767.38315,245,183.358896
708.343201,223,183.512471
828.593026,251,183.684964
783.006262,243,183.852596
878.261072,270,184.038769
793.397532,244,184.207366
852.688262,264,184.589534
593.720692,185,184.717141
693.92492,222,184.871244
629.336857,209,185.015349
420.503486,145,185.115261
928.910464,284,185.311114
800.021052,251,185.484405
821.22072,256,185.661464
869.198805,267,185.844937
1010.433077,301,186.262465
923.897768,287,186.461809
634.319388,208,186.605823
671.206734,208,186.750525
796.802267,252,186.925174
651.71809,217,187.074874
270.978386,116,187.156092
853.610618,262,187.337921
602.804677,188,187.467724
636.964003,202,187.806556
752.028074,232,187.967551
527.955503,178,188.0912
772.217681,238,188.256224
858.465162,261,188.436215
827.86135,259,188.614956
1076.901107,333,188.845439
786.862366,254,189.020904
1128.434954,357,189.466932
824.306438,258,189.647965
1206.047892,368,189.902285
833.794852,252,190.078576
724.918894,225,190.236179
885.617791,271,190.423149
579.897134,196,190.558052
803.610865,241,190.724359
1366.038335,500,191.503231
1482.163238,500,191.849996
1350.777218,444,192.156568
796.112097,259,192.334257
1426.182752,500,192.883334
1299.715756,440,193.187063
1313.975794,418,193.474505
1399.290123,500,193.820122
1403.647373,500,194.165597
1466.732929,500,194.713262
1020.14666,320,194.935412
1426.679483,500,195.282094
1428.10537,475,195.610214
1124.330735,371,196.065934
908.690027,302,196.274873
1187.891246,375,196.533801
989.744933,321,196.755844
1458.05866,500,197.099981
1322.130544,428,197.395002
1225.630941,397,197.865294
869.224963,294,198.069019
1373.950591,500,198.414516
1494.729093,500,198.759332
1099.613376,348,199.003742
1243.467675,500,199.719581
1156.771959,500,200.06604
1173.215632,500,200.412858
1213.863156,500,200.761437
1288.400956,500,201.314274
1346.772805,500,201.66256
1328.529525,500,202.011989
1338.322384,500,202.361575
1253.200634,500,202.91409
1330.946537,500,203.259968
1354.173107,500,203.605908
1352.026061,500,203.951606
1326.52158,500,204.500193
1363.899068,500,204.845808
1467.284133,500,205.189639
1327.215694,500,205.534351
1406.3828,500,206.078449
1391.087566,500,206.4253
1415.008444,500,206.771968
1311.777017,500,207.118666
344.556701,131,207.724572
519.577076,174,207.845028
563.404502,188,207.975662
581.486539,185,208.103211
530.581713,176,208.225205
592.521219,204,208.36711
257.977138,104,208.440258
541.920032,183,208.567081
601.601914,207,208.710697
369.552926,132,208.802494
396.40312,146,208.904482
376.405524,135,208.997534
554.654799,181,209.326563
625.759926,205,209.468526
405.371546,149,209.571959
674.833796,222,209.724521
628.861394,217,209.874307
323.569701,119,209.957883
417.184645,144,210.057451
515.908736,173,210.176377
780.355936,249,210.348038
577.816676,201,210.487813
559.05386,185,210.615207
627.067375,207,210.960256
516.317572,176,211.082259
576.975067,191,211.214799
513.446306,172,211.334024
540.960242,177,211.456618
554.631869,195,211.591633
464.781679,162,211.704389
399.791776,140,211.801631
555.714025,184,211.929556
349.393335,127,212.017952
675.275523,231,212.177619
560.118376,186,212.50333
568.866513,197,212.639046
505.956581,174,212.759464
561.500511,185,212.886926
642.193329,213,213.034826
611.501714,213,213.181949
496.03485,165,213.296932
590.981103,204,213.438495
531.64757,180,213.563443
617.844556,204,213.704757
594.32671,198,213.841082
623.48388,209,214.192163
542.897552,186,214.321315
647.254769,215,214.470052
535.471201,177,214.592602
414.587934,144,214.692602
576.496991,193,214.825875
545.893019,182,214.952702
524.49282,179,215.076478
573.585523,186,215.204773
579.271228,192,215.337211
678.791624,217,215.48769
761.423972,234,216.058879
568.481272,184,216.186766
631.828722,208,216.331331
505.114384,160,216.442307
891.657964,269,216.628635
705.295717,223,216.783516
941.106368,297,216.989717
645.730811,217,217.140217
862.41452,274,217.528752
605.211772,190,217.660693
920.384577,284,217.856271
592.917157,202,217.996798
835.561911,255,218.174408
769.439979,233,218.33615
629.132076,197,218.473037
888.557757,269,218.659837
942.330074,291,218.862828
623.17716,215,219.211341
620.317554,214,219.359398
816.826664,248,219.531675
365.971582,138,219.627575
561.392818,184,219.754848
842.547081,262,219.93585
757.02902,235,220.099282
352.696972,134,220.192227
891.378958,280,220.386408
358.133777,142,220.485021
685.142987,221,220.839817
909.754494,278,221.033193
1384.160883,420,221.324001
850.891213,270,221.511204
823.130419,256,221.688509
697.397205,225,221.84509
772.695315,238,222.010969
833.578749,252,222.384269
1006.335276,312,222.599966
682.894663,206,222.744092
851.614637,255,222.921349
636.019642,210,223.066606
554.36257,174,223.187016
1104.322873,338,223.420864
759.92428,240,223.586728
814.489029,251,223.760739
685.87798,215,224.377939
814.473343,254,224.553229
841.934599,270,224.740667
758.07796,236,224.903523
610.031795,201,225.043711
756.3014,240,225.209692
798.275833,248,225.380543
679.807013,221,225.533151
839.148414,269,225.91661
997.782711,320,226.137548
830.834485,270,226.324102
611.545936,207,226.467608
1444.602179,464,226.789698
1095.61908,339,227.02424
1122.132218,358,227.474249
818.686866,254,227.649616
916.137126,301,227.858339
1028.740406,320,228.080331
851.758352,259,228.259616
1097.333747,347,228.499305
1330.164376,413,228.783665
1504.604756,466,229.310498
1311.541631,408,229.593565
1580.327332,498,229.938439
1070.290883,341,230.174583
1527.648203,468,230.498187
1602.588184,500,231.049966
1040.218794,322,231.272099
1516.810007,484,231.606762
1105.631688,329,231.83389
993.985811,308,232.045985
912.91685,286,232.720056
1378.668137,429,233.015481
965.197003,292,233.216641
1198.977225,368,233.468815
1195.74458,360,233.716144
927.29142,286,233.912405
1553.926585,463,234.439377
925.084609,279,234.633299
1313.894068,402,234.91128
869.378955,264,235.095564
1110.965466,336,235.328269
1025.29343,303,235.538253
1114.224064,335,235.973816
619.320912,198,236.111131
1076.0384,356,236.357617
1046.254406,316,236.574768
1596.310094,500,236.91972
852.072464,266,237.102812
1122.438746,339,237.541479
908.247135,280,237.735425
740.45125,234,237.898082
1533.307613,460,238.214089
1007.170891,305,238.425174
1531.65467,500,238.771776
897.930705,269,239.154946
926.09009,288,239.353285
947.616084,303,239.561683
1443.134496,441,239.865255
921.650566,284,240.060933
733.487103,224,240.21576
1293.751592,500,241.167205
1419.966132,500,241.515418
1396.736256,500,241.863256
1333.481468,500,242.212176
1268.545771,500,242.765503
803.678772,256,242.943071
1227.137297,500,243.290634
1408.328446,500,243.638364
764.497838,238,243.803127
1442.426126,500,244.359957
1381.288134,500,244.706505
1487.578583,500,245.050712
1457.130411,500,245.397084
1482.143986,500,245.948363
1416.600224,500,246.294905
1426.783618,500,246.639989
1431.60355,500,246.986058
1245.146003,417,247.477145
1499.084392,500,247.822301
1473.31789,500,248.168497
1430.371557,500,248.517025
1507.579841,500,249.476866
1453.754757,500,249.826574
1407.587551,500,250.176542
1400.185518,435,250.480705
1492.916729,500,251.033123
1444.42131,500,251.380506
1471.771885,500,251.729546
1510.714168,500,252.075453
1453.233706,500,252.626848
525.498186,170,252.745781
727.551144,234,252.908183
1546.424704,500,253.251864
1547.193051,500,253.596051
1526.598305,500,254.146245
1534.335652,500,254.49102
1513.354127,500,254.83536
1244.707817,388,255.102628
1476.221951,463,255.422062
1525.433718,500,255.968086
1535.809869,500,256.315108
354.156086,130,256.405704
1537.838118,500,256.750806
557.820421,184,257.528158
370.896899,133,257.620257
363.879619,132,257.710979
401.007475,144,257.810343
374.523485,136,257.905694
397.104503,142,258.003653
510.079319,174,258.124043
413.369226,149,258.226979
483.945569,162,258.338664
424.9288,151,258.442974
578.76036,195,258.577459
536.349087,179,258.701281
517.208348,174,259.022952
575.532085,190,259.155797
546.760049,181,259.281388
513.730096,173,259.400788
534.239284,187,259.530767
584.189138,195,259.666062
380.846921,136,259.759751
517.095674,173,259.879462
557.564518,187,260.008825
523.466375,176,260.131033
576.516986,192,260.264308
510.677251,172,260.383623
558.954254,185,260.711389
523.49251,175,260.832991
523.553138,178,260.956767
520.89247,174,261.07777
574.363157,192,261.210846
589.722541,196,261.34689
582.674335,191,261.478833
379.242003,137,261.573995
563.556969,189,261.70547
547.416846,180,261.830949
398.204522,144,261.931125
553.574827,185,262.059388
578.514674,192,262.391965
551.911924,186,262.521149
593.050173,197,262.65811
581.004296,191,262.791496
590.502812,193,262.925968
533.975189,176,263.04765
605.226933,201,263.186167
544.197343,182,263.312366
566.258534,192,263.445624
592.043221,197,263.581975
574.579927,190,263.917856
591.765541,199,264.055417
558.83818,185,264.183267
579.161018,191,264.315217
598.832452,199,264.453492
550.111777,183,264.580033
593.848976,197,264.716478
575.231156,190,264.84761
555.970108,185,264.975353
564.872661,190,265.106648
544.05104,181,265.231636
544.060467,184,265.80167
556.693936,186,265.93161
554.033912,187,266.062293
534.105912,180,266.18802
483.018148,165,266.303544
543.45351,180,266.428977
549.252682,184,266.557182
526.908235,179,266.681964
528.571862,179,266.806284
555.099416,185,266.934622
586.198957,195,267.070521
568.103158,189,267.40443
592.451656,199,267.543717
496.591255,168,267.660062
535.547076,181,267.786095
565.691932,194,267.919963
572.965523,202,268.059489
582.300071,197,268.196155
467.232951,163,268.30945
496.484619,178,268.432596
591.287085,200,268.571187
566.639625,193,268.705568
599.878898,203,269.044378
590.300547,196,269.181211
580.314253,199,269.319858
551.90393,188,269.451238
574.504985,192,269.585637
485.084119,165,269.700115
534.482633,178,269.824316
586.770987,197,269.962393
589.809095,194,270.097703
590.531871,196,270.234259
601.628061,202,270.572794
584.294811,192,270.707124
528.257629,177,270.830448
578.416622,192,270.965268
556.270119,183,271.093418
599.412129,196,271.229872
631.578021,210,271.376364
588.263391,197,271.514287
578.193455,195,271.650065
584.128802,200,271.790459
585.939223,202,271.932298
515.487274,173,272.25486
570.257379,189,272.385925
614.867273,212,272.533283
612.204122,202,272.674676
619.506408,214,272.823005
593.651382,194,272.958629
610.238975,203,273.099659
593.431478,197,273.2368
605.635385,199,273.37482
556.028825,185,273.504269
649.044175,214,274.223884
608.66286,199,274.362795
641.962052,210,274.509318
645.750806,210,274.65574
729.897246,232,274.817348
636.553425,214,274.966366
625.19051,202,275.107166
630.373441,212,275.255468
637.610997,212,275.403072
671.211106,223,275.764877
628.255994,207,275.909528
615.958485,204,276.052588
619.207991,205,276.194898
619.019258,201,276.335531
590.678278,195,276.470908
646.469763,212,276.617866
643.801451,208,276.762019
613.93839,202,276.902346
636.351524,207,277.045959
659.303124,216,277.401719
775.713382,249,277.576047
760.291832,240,277.743089
741.726748,234,277.905813
780.298294,248,278.078582
824.13954,263,278.262719
643.450046,209,278.408273
737.70523,236,278.57297
612.984071,203,278.715257
773.403665,248,279.086238
666.202969,218,279.237666
662.799478,220,279.391221
658.274067,217,279.54124
653.452953,215,279.691273
635.920284,209,279.835779
780.396897,258,280.016162
621.901101,203,280.15693
790.370635,250,280.330314
755.891032,241,280.696084
701.561451,234,280.859005
809.738954,253,281.03503
840.072546,262,281.218142
776.535944,244,281.387205
602.258787,199,281.525072
749.941453,237,281.689448
877.120427,279,281.883946
1440.35713,500,282.785074
1450.814743,500,283.133644
1380.111936,500,283.481124
1433.997782,500,283.827004
1423.831369,500,284.378721
1481.591457,460,284.696714
1422.722181,500,285.044236
1475.123004,500,285.391251
233.251072,100,285.461167
1443.181424,500,286.009103
1404.463358,500,286.359551
1468.800956,500,286.712782
1308.087271,414,287.004194
801.9392,256,287.391252
581.708413,189,287.524199
1405.708463,500,287.876297
1439.471185,500,288.229779
1481.5726,500,288.57899
797.377716,253,288.756549
1447.18378,500,289.310238
1467.322765,500,289.660497
1476.252331,500,290.008744
1435.829369,500,290.357545
590.730406,187,291.004584
672.905384,216,291.156445
665.100667,217,291.307668
667.148051,215,291.457501
640.516359,206,291.601073
661.550298,219,291.753619
593.96188,196,291.890839
749.09507,241,292.059125
613.193708,203,292.20097
590.795331,192,292.53431
649.614397,211,292.68094
597.180147,192,292.814661
658.13141,212,292.961874
922.590411,291,293.16397
740.153838,245,293.334243
788.816049,247,293.505146
606.029195,196,293.641445
562.892684,185,293.770778
623.278211,200,293.910625
573.824206,190,294.251603
747.231727,242,294.420255
1045.993534,331,294.651951
813.291014,248,294.824425
663.733524,219,294.975891
857.396045,260,295.15708
640.16702,206,295.29965
852.366541,271,295.487339
569.654955,187,295.815306
1093.409526,341,296.051182
801.070329,272,296.240178
892.518119,299,296.44885
804.796965,245,296.61841
695.256979,222,296.772389
949.310199,298,296.977612
515.68385,167,297.093919
669.583676,216,297.444372
743.44145,231,297.604088
789.622359,242,297.772462
869.265723,266,297.957185
602.450382,189,298.088295
781.037533,240,298.254876
865.932698,267,298.440263
612.19372,193,298.574634
873.838781,264,298.757507
711.441419,235,299.423163
792.223584,250,299.59734
388.507167,140,299.695607
604.886615,200,299.833877
577.234823,207,299.977036
579.466607,196,300.114173
607.668563,201,300.254141
839.030072,268,300.439182
586.04621,193,300.574556
640.722286,211,300.918803
808.790149,282,301.114341
571.218662,191,301.247309
690.133124,230,301.407337
730.961472,242,301.575231
856.487055,275,301.764894
619.52973,204,301.906804
854.461799,272,302.094513
795.293375,252,302.268343
800.276409,251,302.644973
1054.446532,330,302.874666
1290.754356,422,303.165545
633.190871,210,303.310925
740.20249,248,303.483213
874.370701,280,303.678392
867.168748,284,303.875932
726.718633,231,304.232979
599.648578,198,304.371465
830.436804,268,304.557883
771.978528,249,304.730799
512.950145,183,304.857991
837.516572,266,305.042563
1198.939867,385,305.308441
796.993516,268,305.494222
828.732997,259,305.873024
966.763336,319,306.094514
1077.016727,339,306.328902
776.774923,261,306.508987
692.049629,221,306.662092
1043.446772,338,306.895241
1042.861417,335,307.126824
1353.833101,500,307.955979
1329.233485,500,308.301086
1384.760501,500,308.645946
1361.104839,500,308.991183
1332.502037,500,309.535463
1548.169404,482,309.865529
1349.108658,500,310.214381
1398.804626,500,310.561307
1430.786367,500,311.11584
1021.582756,326,311.341443
1321.201552,500,311.687323
1398.74371,500,312.033459
1431.91034,500,312.585652
1418.557012,500,312.932728
1448.946833,500,313.278857
1408.086425,500,313.626071
1417.147649,500,314.16956
1439.717838,500,314.513716
1400.015602,500,314.857909
1006.360963,317,315.07621
1421.204822,500,315.420808
1427.268784,465,316.237801
663.276162,206,316.380076
710.859503,226,316.534941
1562.766193,500,316.878135
1373.630435,468,317.200929
826.028438,255,317.580361
672.251507,212,317.727397
669.512973,202,317.866689
677.850613,209,318.012082
1466.87974,500,318.358451
1447.600019,500,318.703508
640.280887,194,318.837436
1065.79632,333,319.271274
669.567019,206,319.413378
1459.386403,466,319.733953
634.631001,192,319.865986
712.622716,215,320.014329
622.644456,191,320.145607
1175.315193,367,320.398551
678.093891,213,320.544441
848.250547,256,320.930031
1106.725911,333,321.158768
787.033227,237,321.321189
669.617139,203,321.461046
1318.200188,418,321.748124
656.638254,205,321.889056
669.741111,205,322.029747
1511.094267,485,322.567087
1532.448079,500,322.910746
1475.443479,500,323.25528
504.183744,172,323.373502
1476.435486,500,323.717557
1259.567607,364,324.508525
845.54929,252,324.683386
823.792674,240,324.84919
873.055943,256,325.025612
786.537487,260,325.204443
824.1143,250,325.376938
1164.183429,335,325.609154
854.818942,261,325.993689
676.751169,219,326.147576
791.95789,237,326.313494
1074.74223,331,326.545342
719.722229,242,326.714271
603.127314,209,326.859096
710.353161,216,327.007123
1024.213606,308,327.219189
939.286417,279,327.621727
972.988325,298,327.829791
1223.954521,384,328.09926
882.950325,274,328.289121
763.517302,247,328.461405
938.960278,299,328.67048
958.182817,294,328.875398
938.033408,275,329.265858
1644.730185,500,329.610493
1001.262721,280,329.803012
752.344581,217,329.952641
969.867605,282,330.148624
1094.272748,316,330.366099
736.724635,221,330.518221
951.525637,270,330.911193
723.037676,206,331.054282
890.67682,265,331.237803
900.034852,275,331.427676
961.784193,274,331.617544
965.785722,294,331.821548
968.148316,287,332.021045
1420.486955,500,332.985568
1353.453097,500,333.333052
1431.286705,500,333.678225
1040.217122,334,333.910801
1385.767243,500,334.457302
1404.317068,500,334.804341
1455.529607,500,335.149274
1442.340642,500,335.495935
1419.686626,500,336.04627
1392.808028,500,336.395566
1478.663818,500,336.74278
1417.166057,500,337.089221
1419.723521,500,337.64219
1525.958623,500,337.990367
1495.81284,500,338.337214
1499.798849,500,338.682817
1450.372043,500,339.231691
1533.495005,500,339.575043
1082.665218,348,339.814658
1048.204422,336,340.046017
1472.953803,500,340.390754
1497.25799,500,341.346623
1553.349374,500,341.690905
1544.018155,489,342.028368
1508.488629,500,342.372331
1562.001932,481,342.901031
1066.306949,335,343.133315
1533.694777,500,343.478562
1345.218406,435,343.779716
1541.701996,500,344.325996
1020.97092,328,344.551955
1066.495448,338,344.78527
1201.196359,377,345.044985
1560.627466,500,345.38919
1525.919306,500,345.937447
1144.316462,369,346.192658
1522.78261,472,346.519078
937.440272,292,346.720553
1492.434986,500,347.065952
1563.264412,500,347.609005
1530.891368,500,347.956382
1534.59633,500,348.303528
1285.232914,399,348.581381
1276.930067,391,348.852328
1492.219401,500,349.677633
1497.667245,500,350.023465
1453.923889,500,350.371091
1481.190804,500,350.716623
1503.046831,500,351.2616
1097.401461,354,351.507253
1511.503331,500,351.851751
1539.151257,500,352.197872
1221.499317,375,352.660409
1504.211249,500,353.005762
1539.072737,500,353.351955
1495.366653,500,353.698147
1388.37837,432,354.19502
1521.725058,500,354.541074
271.954431,111,354.617913
75.225122,39,354.645718
1500.186632,500,354.990744
1502.313287,474,355.318059
1023.945341,317,355.537642
1519.081497,500,356.083363
1008.273486,314,356.301219
1491.024611,500,356.646968
1532.453877,500,356.993084
911.197704,275,357.870037
918.444625,269,358.055998
925.56348,277,358.245938
801.461417,230,358.40452
919.828431,279,358.596742
950.231967,282,358.789713
1193.830327,348,359.029631
907.364038,270,359.421893
933.719605,271,359.609448
873.929812,251,359.783041
898.037541,266,359.968645
930.635155,277,360.1603
769.49217,229,360.319004
1106.474546,325,360.543354
880.890321,253,360.932066
958.749932,281,361.125603
937.773263,286,361.323256
817.847755,238,361.487935
1055.590539,309,361.701369
909.82699,266,361.885686
874.907208,261,362.06578
844.095184,253,362.240886
893.840192,267,362.625887
919.9263,277,362.819864
971.156694,289,363.02275
895.062315,263,363.205309
918.217592,278,363.397936
911.661107,272,363.585139
933.624947,274,363.774822
642.402689,200,363.912322
1049.883086,310,364.325926
1162.714463,339,364.561704
1101.992216,321,364.781875
1397.27597,407,365.061807
910.125598,263,365.242873
979.265741,285,365.43922
1393.517588,500,366.385138
1398.429919,500,366.732562
1328.212464,500,367.08097
1383.019962,500,367.430539
1444.191424,500,367.977297
1034.480894,393,368.249846
1367.551639,500,368.595561
1456.957647,500,368.941873
1412.174067,500,369.501927
1417.942863,500,369.852358
1351.894428,500,370.201782
1427.851966,500,370.549382
1379.572467,500,371.106293
1444.331268,500,371.455208
1475.241398,500,371.802892
1443.741412,500,372.15207
1451.976488,500,372.706401
1467.344613,500,373.051265
1475.423875,500,373.397906
1365.876054,500,373.744276
597.160803,200,374.52304
560.34287,185,374.652867
576.308745,189,374.7848
578.69857,191,374.917463
667.978683,217,375.068692
531.321166,174,375.190315
615.521184,202,375.330643
561.147858,183,375.458399
598.533643,198,375.595441
745.237438,232,375.7575
542.141014,178,376.08899
767.901981,239,376.254493
545.30545,179,376.379493
600.058621,196,376.515834
728.956046,229,376.675427
595.174654,198,376.813572
781.077239,245,376.983693
609.847996,202,377.123573
683.867977,218,377.275003
732.000736,228,377.433304
818.753839,259,377.824003
661.020748,212,377.971866
647.984034,211,378.118577
676.537397,219,378.270523
599.03835,201,378.409846
607.381538,201,378.548681
634.77346,209,378.693542
657.150639,215,378.842066
643.400425,210,378.988108
572.24277,193,379.320812
740.401085,234,379.483264
728.808872,230,379.643808
625.156003,203,379.785928
581.72932,192,379.919595
634.096879,206,380.06311
528.456318,171,380.181749
590.30846,192,380.31545
673.535932,214,380.464457
597.214908,199,380.602564
680.653297,219,380.95313
572.231478,187,381.082734
631.155879,202,381.222683
769.885542,242,381.38963
824.192993,262,381.571349
659.509777,211,381.716398
574.57793,189,381.84733
576.0729,188,381.977384
626.370477,200,382.116134
599.587489,196,382.251679
885.476987,275,382.957407
753.442993,230,383.117203
798.437847,243,383.285457
855.083764,257,383.462648
786.196787,243,383.631361
870.11506,264,383.813677
820.418987,246,383.984259
848.822627,259,384.163778
776.626212,239,384.533176
840.369543,260,384.713644
781.473941,238,384.878127
787.944015,236,385.042404
943.821096,286,385.240303
770.53438,234,385.402452
852.658781,263,385.584495
849.093679,260,385.763741
851.243524,259,386.143998
607.784057,209,386.289984
620.527552,202,386.430619
1044.145159,310,386.645022
638.312108,201,386.784768
876.844669,276,386.974682
876.300339,272,387.163
686.440098,212,387.3088
845.639347,260,387.69436
783.302961,234,387.85727
922.277695,283,388.052891
834.663186,250,388.22555
879.299928,271,388.41318
870.52941,265,388.595646
978.594265,294,388.798668
865.313302,263,388.979536
913.966845,276,389.368114
724.853792,217,389.517633
894.956687,274,389.706949
900.370929,274,389.895472
866.533577,269,390.081975
864.828753,259,390.26118
870.954362,271,390.447771
948.655638,287,390.646816
1514.096844,500,391.464448
1577.099785,500,391.810894
1535.835781,500,392.156323
1508.224013,500,392.502489
1561.425755,500,393.048649
1553.64285,500,393.397547
1512.953824,500,393.746148
1584.015505,500,394.093809
1555.806433,500,394.653958
1536.15551,500,395.00402
1573.828304,500,395.356552
1545.276923,500,395.707521
1517.6208,500,396.263259
1569.053471,500,396.610798
1546.867745,500,396.960938
1589.058975,500,397.312189
1576.958562,500,397.862276
1570.472912,500,398.211205
1598.823686,500,398.556829
1595.047877,500,398.90239
1496.936148,500,399.876602
1487.1217,500,400.220691
1466.191926,500,400.566364
1493.772819,500,400.911053
1483.774337,500,401.470073
1489.085233,500,401.816436
1468.575009,500,402.161992
1464.182634,500,402.508864
1417.353184,500,403.060333
1459.200317,500,403.404633
1473.256038,500,403.749322
1461.519939,500,404.09484
1486.261339,500,404.638224
1493.383911,500,404.982966
1436.175206,500,405.327137
1503.887931,500,405.671408
1465.781486,500,406.21616
1522.177748,500,406.561554
1503.34382,500,406.906633
1495.899688,500,407.252903
767.941954,254,408.052828
881.337942,289,408.25178
752.501261,244,408.420709
714.665889,230,408.58023
692.598338,225,408.736425
610.750027,206,408.879337
618.033782,207,409.023665
733.813507,241,409.19003
737.602072,236,409.553977
834.45421,276,409.743675
731.964951,237,409.907478
685.861633,227,410.064732
631.975647,211,410.21017
711.711834,232,410.370947
660.297853,219,410.522624
680.343488,222,410.676457
625.895881,210,410.821676
779.103417,264,411.207597
728.347946,237,411.372311
612.68825,204,411.514483
688.911787,226,411.670139
662.219012,220,411.822583
737.139818,239,411.987776
775.962832,252,412.161334
748.098083,242,412.328252
639.339252,211,412.474622
709.340587,231,412.837151
779.964061,249,413.008556
724.728014,235,413.170252
571.815773,192,413.302535
784.838987,255,413.479134
716.834528,233,413.640091
728.549738,236,413.802383
644.190309,216,413.952528
767.144386,243,414.12058
1170.528199,376,414.58495
617.221418,205,414.72673
780.61928,252,414.900026
684.891979,219,415.050472
759.309223,242,415.217123
550.832933,185,415.344372
1024.644115,330,415.572439
738.409536,238,415.736654
